"","(Intercept)","as.ordered(time_cts)0.333333333333333","as.ordered(time_cts)0.666666666666667","as.ordered(time_cts)1","as.ordered(time_cts)1.33333333333333","as.ordered(time_cts)1.66666666666667","as.ordered(time_cts)2","as.ordered(time_cts)2.33333333333333","as.ordered(time_cts)2.66666666666667","as.ordered(time_cts)3","as.ordered(time_cts)3.33333333333333","as.ordered(time_cts)3.66666666666667","as.ordered(time_cts)4","as.ordered(time_cts)4.33333333333333","as.ordered(time_cts)4.66666666666667","as.ordered(time_cts)5","as.ordered(time_cts)5.33333333333333","as.ordered(time_cts)5.66666666666667","as.ordered(time_cts)6","as.ordered(time_cts)6.33333333333333","as.ordered(time_cts)6.66666666666667","as.ordered(time_cts)7","as.ordered(time_cts)7.33333333333333","as.ordered(time_cts)8","as.ordered(time_cts)8.33333333333333","as.ordered(time_cts)8.66666666666667","as.ordered(time_cts)9","as.ordered(time_cts)9.33333333333333","as.ordered(time_cts)9.66666666666667","as.ordered(time_cts)10","as.ordered(time_cts)10.6666666666667","as.ordered(time_cts)11","time_cts","time_cts_tot","time_sd","time_lb","time_ub","spp","loc","id","spp2","id2","combo_sd","time_lb2","time_ub2","Species_SciName","Species_SciName2","Sig","loc.orig"
"1",0.118787553824171,0.0577855608559245,0.175039522079268,0.107666232115716,0.186638353641928,0.5192988055459,0.164272871930608,0.0325349699188775,-0.0549797483980072,-0.00550509946105207,0.0364867386624452,0.128073205283168,0.015891911820281,-0.0746882878827868,-0.266788602192679,-0.10991375308276,-0.102439260121582,-0.23420541281695,-0.0689770239831398,0.00249429023415765,0.0773559704326885,0.022710321800423,-0.00106630389272964,-0.0262923039987153,-0.0872561391909194,-0.266822950859341,-0.106520063950813,-0.0910046585438511,-0.199187407519887,0.00396453395060558,0.21250527134128,0.0701540780243635,-0.0222014239733721,-0.0492785421999929,NA,NA,NA,"AGCU",NA,"AGCU:SHRUB","AGCU","AGCU:SHRUB",0.0403385415868972,-0.128342083710311,0.0297849993103256,"A. cupripennis","A. cupripennis","Not Significant","SHRU"
"2",-0.249164431909269,-0.0474473886212469,-0.143723935619132,-0.0594548760794468,-0.0559999040576387,-0.128662846089834,-0.057182577896275,-0.0634277741109232,-0.155887222647195,-0.0637990076206958,-0.0584296443587363,-0.13248082158425,-0.0378643848625995,0.00528485667042025,0.0556175438288598,0.00644147622388083,-0.0339790097092866,-0.120585491568974,-0.0107180966454789,0.0845807169025316,0.294845937056996,0.0988590626494476,0.0372464476417875,0.0262610961647299,0.0509711605007672,0.144963815218332,0.0377863246796751,-0.0180300740359708,-0.0983538652008032,-0.00971217087019361,0.0657282474936876,0.0216987775125422,0.0125395219083349,-0.0145375963182859,NA,NA,NA,"AMHO",NA,"AMHO:MIXED","AMHO","AMHO:MIXED",0.0404251569937675,-0.0937709040260702,0.0646957113894985,"A. holosericeus","A. holosericeus","Not Significant","MIXE"
"3",-0.239540942100541,0.177943388090394,0.103636998225681,0.0361003904229625,0.0176332669661947,-0.0790886773372783,-0.017078555537781,0.0217175260866954,0.0533701942307191,0.000875739712244784,-0.0504283649070277,0.0445050942529816,-0.0237432329482159,-0.12426456838629,-0.123737404683867,-0.0800493610869863,-0.145168475106404,-0.0945785719050452,0.0809218340608967,0.366415307225665,-0.0140323770297533,-0.0327346439694106,-0.0959315017156412,-0.0568991967407521,-0.0952071701134227,0.0175513699688035,-0.0183179350384937,-0.0790859077912171,-0.0913756291488546,-0.047647731396826,-0.0686850503780058,-0.0226749028525861,-0.0243237804888884,-0.0514008987155091,NA,NA,NA,"ANIG",NA,"ANIG:MIXED","ANIG","ANIG:MIXED",0.0417170871940514,-0.13316638961585,0.0303645921848317,"A. igniventris","A. igniventris","Not Significant","MIXE"
"4",-0.174054971188587,-0.0434224391971593,-0.13153187218408,-0.105216371864607,-0.00357393733083318,0.0932106200483159,0.113415801221405,0.0520222304330651,0.0613399176662732,-0.0751232997037081,-0.0598048733418838,-0.125776268554801,-0.133798921095089,-0.0633418770216209,-0.0789823295829415,0.072649080016241,-0.00509099381703198,-0.0897510050383307,-0.0803478028747243,-0.0175811323562724,0.0212883700475804,-0.114637916143579,-0.0725233683637352,-0.128986266615509,-0.0640425579977438,-0.0861487471878992,0.0867701209569733,0.0651860837303523,0.132206282571654,0.203403442668089,0.293127156689674,0.0283414736014523,0.0109395370906876,-0.0161375811359332,NA,NA,NA,"ANIG",NA,"ANIG:NATIVE","ANIG","ANIG:NATIVE",0.0389027907035327,-0.0923870509148572,0.0601118886429909,"A. igniventris","A. igniventris","Not Significant","NATI"
"5",-0.0726011341859587,0.139517848165573,0.0379569935242874,-0.0120107875314383,-0.0783042410757797,-0.0338798526393012,-0.035506680803235,-0.0853959930411021,-0.0266289699565241,-0.00405739542862722,0.0129991611413554,-0.00898135974518176,-0.0431698009965142,-0.136036828528976,-0.0465826770212846,-0.0204460662411989,-0.0221007872335424,-0.0190856114084563,-0.0420125680441995,-0.1220451411518,-0.0213117092126701,0.0504537650577425,0.190798559542942,0.0645160942535075,0.0259271813036264,0.0107746150221969,0.0102674527646819,0.0237163338298695,0.0078294412343329,0.00258472285310253,0.000853291062209462,0.000281695825133663,0.000203689184221083,-0.0268734290423997,NA,NA,NA,"ANIG",NA,"ANIG:SHRUB","ANIG","ANIG:SHRUB",0.040553826306214,-0.106358928602579,0.0526120705177797,"A. igniventris","A. igniventris","Not Significant","SHRU"
"6",-0.0384796346007757,0.318982762272809,-0.0281949271693379,-0.222605342718099,-0.023055250177256,0.160033955586188,0.159291836201894,0.218824758569886,0.129042545929492,0.162117851112432,0.0284343887639895,-0.163931198967275,-0.301479532437735,-0.33363952409185,-0.220253680185178,0.00523189780203511,0.185987614416268,-0.129979342894826,-0.240045860934872,-0.286107370402181,-0.145081868215982,-0.0664816972348548,-0.0889930159518771,0.023369233319034,0.167496131533902,0.0999106234931104,0.231122872494858,0.11130020237831,0.0613437384372947,0.0129923936374037,-0.0521026064371196,0.00727992028044859,-0.00737322191186807,-0.0344503401384888,NA,NA,NA,"ANPA",NA,"ANPA:SHRUB","ANPA","ANPA:SHRUB",0.0349559683817635,-0.102964038166745,0.0340633578897677,"A. parulus","A. parulus","Not Significant","SHRU"
"7",0.581647820462121,0.520029260999037,0.037332898201018,-0.140413569197597,0.117688075099273,-0.115163916634733,-0.114433117269861,-0.0134700513096246,0.507670620749944,0.141122975301109,0.133953862417117,0.0690270402334545,0.722310460249062,-0.0697806739899241,-0.0391408634017335,-0.26905505762095,-0.374072674845607,-0.176724320541009,0.126865815672241,0.181290805597326,0.0624504684534425,-0.0011411902706935,-0.102056832394286,-0.101768672702777,-0.196947022374082,-0.236193513477319,-0.045655558991169,-0.206975375138597,-0.181328610759053,0.246255955465247,0.260097391943569,-0.0772512812966606,-0.0126651704670835,-0.0397422886937042,NA,NA,NA,"ATLA",NA,"ATLA:MIXED","ATLA","ATLA:MIXED",0.0340137161153394,-0.106409172279769,0.0269245948923611,"A. latinuchus","A. latinuchus","Not Significant","MIXE"
"8",-0.255943913584527,0.0138114778457651,0.0418366534047971,0.0805970447140879,0.0316280457119833,0.0256494929564102,-0.0667416415304031,0.0509352644118208,0.23784596894817,0.149906297180662,0.108664097473365,0.215123658535517,-0.0484865461651464,-0.0572339316618434,-0.143776584213371,-0.118593747645488,-0.0723434324811221,-0.124425985357064,-0.105909441341689,-0.0652183781394486,-0.113175447206337,0.00114572524439401,-0.0354612195827786,-0.120268855283883,-0.0777788298550452,-0.141009740662699,-0.0931715566046138,-0.00145215762662145,0.0882933949443794,0.102615846948619,-0.0523153161456748,-0.0709586630565556,-0.0271593921561799,-0.0542365103828007,NA,NA,NA,"ATLA",NA,"ATLA:NATIVE","ATLA","ATLA:NATIVE",0.0412165608746724,-0.135020969697159,0.0265479489315573,"A. latinuchus","A. latinuchus","Not Significant","NATI"
"9",-0.423181672344742,0.0518478414275054,0.210229343699604,-0.123664251155316,-0.135135963850284,-0.208867263147815,-0.16587153591333,0.0636152731990888,0.0847734545307496,0.0869125468861495,0.0655541503169674,0.0455045776670957,-0.150463637023748,-0.182886764886116,-0.159414356210309,0.0169684493088917,-0.0203820287850755,-0.133816808597316,-0.111049703087864,0.0267759220892793,0.00599432951634743,0.122565857377763,0.246635572853062,0.107657136510336,0.115011748448539,0.202741272947701,0.033481005065981,-0.134737114165443,-0.171472347384517,-0.158914345913203,-0.124235125480917,-0.115987324013049,-0.0199255449585317,-0.0470026631851524,NA,NA,NA,"ATLA",NA,"ATLA:SHRUB","ATLA","ATLA:SHRUB",0.038059899003162,-0.12160006523135,0.0275947388610451,"A. latinuchus","A. latinuchus","Not Significant","SHRU"
"10",0.143896317946122,-0.261630249298356,-0.343816246149758,-0.137552484879693,0.143756540414437,-0.011604252923308,0.255555478695016,0.220415287287703,0.0538145709614604,-0.117460193590362,-0.25024915036373,0.271483561174543,0.163213991609259,-0.0171554880617172,-0.049503586778513,0.129337103612492,-0.0876606001943856,0.00361224577383312,0.215781775240609,0.431500451265948,-0.122648400192963,0.261022150088782,-0.225569581329323,-0.208795740822722,-0.229518043399727,0.0461516438457647,0.248537527618331,0.267511549294826,0.0860229719454575,-0.0454948881328395,-0.300396260565045,-0.0276928142607001,0.0128192901801441,-0.0142578280464766,NA,NA,NA,"BACO",NA,"BACO:MIXED","BACO","BACO:MIXED",0.0318267907783531,-0.0766383379720487,0.0481226818790954,"B. coronatus","B. coronatus","Not Significant","MIXE"
"11",0.596351176255907,0.350342897556756,0.219566762710406,0.196261574076363,0.0177373902504646,0.168671954474308,-0.150668986884276,0.0726728326169345,0.207935513278649,0.378085338076221,0.61534567615955,0.364138171325259,-0.0562159404158019,-0.0925310859102987,-0.489985981927475,-0.350828517351245,0.0142160357395043,-0.104525575482052,-0.0500536344354921,-0.256071587175373,-0.157641129793215,-0.134226681485401,-0.223137234090121,-0.383694952259804,0.0777613071016672,0.26468384779283,-0.212859069682865,-0.192145403163559,0.136585283660674,0.117913485482697,0.391754611408837,-0.00448470559588345,-0.0101570272163819,-0.0372341454430026,NA,NA,NA,"BACO",NA,"BACO:NATIVE","BACO","BACO:NATIVE",0.0309963167230454,-0.0979869262201716,0.0235186353341664,"B. coronatus","B. coronatus","Not Significant","NATI"
"12",0.348388091753879,0.286009502585849,0.333088529377801,-0.120560926999134,-0.154868472912955,-0.068187983448357,-0.173441460522779,-0.343737726640803,-0.121266699796571,0.0531110046860386,-0.18840260660931,-0.193606633657658,-0.0403420068391803,0.111501767830239,0.296925126584197,0.0918486387122583,0.223384225042077,0.377143182140201,0.149414825772382,-0.157607075405487,-0.438900936644898,-0.185206014052361,-0.276754125958402,-0.12545686739996,-0.0164357460239195,0.0238727480506876,0.307835111642028,0.227805876390908,0.139945312484831,0.372727615125176,0.200458410825368,-0.135661993068296,0.0236536843513249,-0.00342343387529584,NA,NA,NA,"BANI",NA,"BANI:MIXED","BANI","BANI:MIXED",0.033080895364833,-0.0682619887903685,0.0614151210397768,"B. nigrocristatus","B. nigrocristatus","Not Significant","MIXE"
"13",0.124611057295613,0.546315793007509,0.0902413942357622,0.112338667777598,-0.210701957162134,-0.289462341008015,-0.237164003066014,-0.0887615700855147,0.407560707645591,0.305888947684805,0.284444653560046,0.052024383012988,-0.0364551107516692,-0.161607503902191,-0.229104685545826,-0.101744757659512,0.200034970468501,-0.118148844477599,-0.160654049748175,-0.154202153943123,0.0504021275253875,-0.059675097345404,-0.172101148463524,-0.228849644591199,-0.146639588581034,0.029766337186007,0.380014482755364,0.130259357686206,-0.00320870655155653,-0.10165119176741,-0.02131162931922,-0.0991208615423525,-0.0197077153233097,-0.0467848335499305,NA,NA,NA,"BANI",NA,"BANI:NATIVE","BANI","BANI:NATIVE",0.0369200859966779,-0.119148202103419,0.0255785350035582,"B. nigrocristatus","B. nigrocristatus","Not Significant","NATI"
"14",-0.500179178100294,-0.215646658111231,-0.266023032925328,-0.110612871566313,-0.107763506007855,-0.181628318172059,-0.0247779519129317,0.0893338579644379,0.0184055343896611,-0.113173237504373,-0.0363251106839321,-0.156383595186942,-0.192035008750919,-0.0735404232877123,0.281442871361072,0.16336585217365,0.150353687401814,-0.133757075498962,-0.177797379944654,-0.150671864134089,-0.0305752571268333,0.2187819876694,0.235966291023333,0.0142744000750808,-0.188015001237312,-0.265492176760765,-0.218256786582943,0.057821289706828,0.328358017183024,0.15864814144248,0.144006302959379,0.0863453573643873,0.0135334042991588,-0.0135437139274619,NA,NA,NA,"BANI",NA,"BANI:SHRUB","BANI","BANI:SHRUB",0.0367763851728377,-0.0856254288662237,0.0585380010112999,"B. nigrocristatus","B. nigrocristatus","Not Significant","SHRU"
"15",0.454375533594803,0.125914090298855,-0.112939157826071,-0.255969909234987,-0.172293882940084,-0.0318639613919533,-0.32385489700299,-0.374378069436317,-0.131725481451942,0.277937023248252,-0.0249076609110192,0.0353595983800871,0.529435758752675,0.259521899661921,0.502608807739158,0.219682692495156,0.130337148099559,0.0106444022336176,-0.209112369944606,0.325617165564323,0.124790678568337,-0.148379520959985,-0.0127755987320306,-0.191020583652388,0.0732409455623861,0.101234553865679,-0.0177309709506027,-0.119640656314572,-0.0678518830990005,0.00895680947871949,-0.00342268771067438,0.0670628355471945,0.0248522612193616,-0.00222485700725919,NA,NA,NA,"BUTO",NA,"BUTO:MIXED","BUTO","BUTO:MIXED",0.0326824325407088,-0.0662824247870484,0.06183271077253,"B. torquatus","B. torquatus","Not Significant","MIXE"
"16",-0.320392951325445,-0.012239548853012,-0.0370750884816829,-0.105121462243044,-0.0241776061888402,0.023902819456278,0.0639028196643771,0.0206488711611381,0.00546191717878185,-0.0933330864351893,-0.0112065812150982,0.0556873695903984,0.0741800841421821,0.0430415383645976,0.0704072377838697,0.116791890332801,0.0326476767670632,-0.00712015623094373,0.264577605856316,0.085918273210623,0.0240434216451705,-0.104623078710282,-0.0203662886969622,0.0362076072342756,-0.034500347011028,-0.152102925324183,-0.121513363577791,-0.0836750921983411,-0.159572256327113,-0.14262112909181,-0.139110582033173,-0.0999926121349366,-0.0287980958462844,-0.0558752140729052,NA,NA,NA,"BUTO",NA,"BUTO:NATIVE","BUTO","BUTO:NATIVE",0.0409811994605944,-0.13619836501567,0.0244479368698599,"B. torquatus","B. torquatus","Not Significant","NATI"
"17",0.261915447301126,-0.25907128903403,0.225835877421665,0.689570054287734,0.892408173224841,-0.0545217354656665,-0.322306949255219,-0.171733877764026,-0.295928326915984,-0.362120045382984,-0.162286369439976,-0.268720514126251,-0.357273973733059,-0.2119350385645,-0.0228145919067929,0.404246767130612,0.12952162721498,0.161474279385032,0.20171980817439,-0.0775728748984129,-0.0127187279352343,-0.229931361544206,0.011860670368876,-0.0710514637058148,-0.250540356237159,-0.164882832735382,0.019506083187546,-0.255529789823082,-0.35007148855212,-0.340142736979085,0.251518254401702,1.19147603269855,0.0328154092663021,0.00573829103968134,NA,NA,NA,"CAIN",NA,"CAIN:SHRUB","CAIN","CAIN:SHRUB",0.0315560827897324,-0.0561116312281942,0.0675882133075569,"C. inornata","C. inornata","Not Significant","SHRU"
"18",0.335597592113638,-0.350217225372282,0.138994956083266,-0.0460924575509121,0.501413320939116,0.74434498875406,0.407580633541781,0.534534249451413,-0.102200613821119,0.13143477841153,0.379967264123239,0.361263872469966,-0.0549913712083966,-0.183966645939602,-0.154972414033418,0.274612132283722,-0.237607026186838,-0.403945200684487,-0.371572966485132,-0.12186969869933,-0.204007467162678,-0.240494679537138,-0.222577711188719,-0.140417926987719,-0.249121321535944,-0.24716512210018,-0.0693178430560076,-0.0261136547804327,0.0091384661045067,0.0421278862298156,0.101821066531253,0.322429972518181,-0.0187216187227291,-0.0457987369493499,NA,NA,NA,"CIPL",NA,"CIPL:SHRUB","CIPL","CIPL:SHRUB",0.0333775665282237,-0.111218767344668,0.0196212934459686,"C. platensis","C. platensis","Not Significant","SHRU"
"19",-0.208559118131891,-0.182474346178271,-0.049826728168161,0.0150938700171905,0.20020163036634,0.0571932037513768,-0.00807531525339481,-0.0759037115677785,-0.0238587707034004,-0.00424388286137,-0.124439504133,-0.0160112481014914,0.0706537062352096,0.234940738518584,0.158744162667412,0.298320715964032,0.216100081565199,0.0285063224844069,-0.12034019512557,-0.139185796568176,-0.0391788025326339,0.00757437305264265,-0.0974143451377855,0.0205436402655364,0.166425585011342,-0.00529980429773647,-0.184228956806532,-0.178966004146978,-0.0917759792830671,-0.129332527129358,-0.0703940105063137,-0.107138608556487,-0.0207810956040058,-0.0478582138306265,NA,NA,NA,"COCI",NA,"COCI:SHRUB","COCI","COCI:SHRUB",0.0402256562596761,-0.126700500099592,0.0309840724383386,"C. cinereum","C. cinereum","Not Significant","SHRU"
"20",0.619879782764671,0.274797077305184,0.224102718876944,0.0638784901970918,0.360701058100124,0.102475610869262,0.0237481249470885,0.107304785628458,-0.504581561429235,-0.0924196719641038,-0.0285991517034701,0.0669660625592659,-0.0567759502839555,0.305892506626516,0.0955548362929594,-0.213410090710304,-0.281089874772077,-0.101524095842296,0.215354782133542,-0.208510271264835,-0.478002325035454,-0.102734200416146,0.530308312418441,0.373772483734311,0.100661678432494,-0.13586711510061,0.234869634356341,0.0404421680785992,-0.0449269492496143,-0.314376577339266,0.0993761838164643,0.0991022475105419,0.0110486378600073,-0.0160284803666134,NA,NA,NA,"COIR",NA,"COIR:MIXED","COIR","COIR:MIXED",0.0295767927241228,-0.0739989941058942,0.0419420333726673,"C. iris","C. iris","Not Significant","MIXE"
"21",0.435967307391839,0.0521172148819046,0.1426227912117,0.134037502502687,0.0129381159872532,-0.00931336238202843,0.0828296500798204,-0.476331404272586,-0.577034929467113,-0.230757697308354,-0.211480910671387,0.0182432492256843,0.224832961342069,0.439235817524405,0.524849470377662,0.0199519881149174,-0.0325073675672942,-0.0366009355958983,0.161304746769032,0.0316590249786111,-0.125893549420297,-0.257970469298235,0.211978366657798,0.176848804317247,0.356938917137006,0.0626176618853941,0.26850080443139,0.100636461937623,-0.39562811796269,-0.157532819364766,-0.174180683688149,0.200323488563055,0.0262376013992172,-0.000839516827403578,NA,NA,NA,"COIR",NA,"COIR:NATIVE","COIR","COIR:NATIVE",0.0312485303445104,-0.062086636302644,0.0604076026478368,"C. iris","C. iris","Not Significant","NATI"
"22",-0.345505531613895,-0.408983220213433,-0.388654795328856,-0.145385367624551,-0.229400776368948,-0.280870929950605,-0.148617315097954,0.085868786225347,0.492772253709959,0.184231737010213,-0.0585737681266291,0.0641610977590165,0.136919820219132,-0.167249897643891,0.0928882111735663,-0.132290212294256,0.00780247408407327,0.400208824162439,-0.0786799217923657,-0.0575482577673695,0.717144182572959,0.162438759904593,0.174566100240711,0.0238287560206611,-0.0945193326583863,0.174720068577715,-0.160106537376683,-0.286787229087527,-0.0161931591326292,-0.167429495089474,0.0321223152738354,-0.168259087140858,0.00590668428431779,-0.021170433942303,NA,NA,NA,"COIR",NA,"COIR:SHRUB","COIR","COIR:SHRUB",0.0338970427682177,-0.0876086377680096,0.0452677698834036,"C. iris","C. iris","Not Significant","SHRU"
"23",-0.189441416525832,0.0690545635633914,-0.123960645039268,-0.0606159658965896,-0.07966358652764,0.304175416719575,0.0415964263042693,-0.164442588629593,-0.0474185433461578,-0.0583413757736426,-0.148564769544227,-0.177739514280487,-0.104174378521094,-0.172208349480461,-0.122041467527144,0.0627402994182545,0.332801868163416,0.163499956886386,0.157703826373396,0.366266747074534,0.0826783654471177,-0.0075829620634854,-0.108151436779717,-0.0281304816588942,0.0136540939316078,-0.00487906207241892,-0.0359807799164025,-0.115989401430325,-0.133497535512481,-0.0700963797505756,-0.101973783820833,-0.0336644674339269,-0.0108332135729111,-0.0379103317995319,NA,NA,NA,"CRAN",NA,"CRAN:MIXED","CRAN","CRAN:MIXED",0.0393208427732053,-0.114979183635014,0.0391585200359506,"C. antisiensis","C. antisiensis","Not Significant","MIXE"
"24",0.350267007265194,0.00641766068101671,0.419045551998632,0.00696157288411572,-0.200025718045385,0.131293243362661,0.293119604404771,-0.0656643084771264,-0.291772979871697,0.0288131370716244,-0.0647223700931783,-0.433795663246285,-0.301427582969271,-0.218445940006504,0.0814678305422595,-0.0986921388419829,0.212251114956182,0.11786946311322,0.49799967498877,0.22723222088594,-0.176628059606788,0.14579012414491,0.397813797470572,0.307959153268958,0.0246338250447077,0.226803861210312,-0.0419643509926964,-0.00395504139943147,0.327013443737207,-0.206835158929457,-0.391113448578499,-0.287391096630441,0.00531083420896031,-0.0217662840176604,NA,NA,NA,"DICY",NA,"DICY:MIXED","DICY","DICY:MIXED",0.0321987811056617,-0.0848758949847574,0.0413433269494365,"D. cyanea","D. cyanea","Not Significant","MIXE"
"25",0.143442060952212,-0.312915542856531,-0.159625095645538,0.356823975598288,0.602653575210993,0.576371324387159,0.202224217215288,-0.186143354552379,-0.066711554445639,-0.0809556087038118,-0.135772106501808,-0.347721504252179,-0.333832412719926,-0.270667110476913,-0.109291609981567,-0.150613178921154,-0.0169836675837057,0.113518993594987,0.330344892438269,0.504580728734163,0.257756454085882,-0.218826447102035,-0.298738540485319,-0.272084905698141,-0.0263449526119745,0.333448792006662,0.234811782867255,-0.0308138159999464,-0.0272924859261907,-0.0195915466064823,-0.076891191888961,0.000796009991203631,0.00340713741364362,-0.0236699808129771,NA,NA,NA,"DICY",NA,"DICY:NATIVE","DICY","DICY:NATIVE",0.0336846723007215,-0.0896919385223913,0.042351976896437,"D. cyanea","D. cyanea","Not Significant","NATI"
"26",-0.143589070757025,0.0399067405786492,0.252732965329646,-0.240595122497971,-0.312799969209464,-0.158658201499633,-0.173481167057422,-0.221064871343635,-0.166762209101272,-0.0207129774929171,-0.307739270723173,-0.289319677958226,-0.059747190823765,-0.180064069306831,-0.317239243567982,0.0671625839771499,0.648692372202545,0.315677861004252,-0.135510821728924,-0.211195104283574,0.146745415763052,0.13472934360895,0.0935679791349973,0.251277804315361,0.750537184524762,0.0560597920608989,0.0327075330652899,0.194537451677033,-0.135722120687536,-0.0702030198969931,0.0431639789537849,-0.177025700391709,0.0259272460584075,-0.00114987216821326,NA,NA,NA,"DICY",NA,"DICY:SHRUB","DICY","DICY:SHRUB",0.0341873419474296,-0.0681570623851753,0.0658573180487488,"D. cyanea","D. cyanea","Not Significant","SHRU"
"27",0.00135624398497072,0.391038334398053,0.196363424589997,0.161482927175673,-0.1138889439716,-0.0127789625665317,-0.022436538398946,0.0113426530627051,-0.153378057684623,-0.025035100751742,-0.172072165124647,-0.0184257736087786,0.0244390068002718,0.00397093740245694,-0.212408146481358,-0.0648181761802529,0.222635448574272,-0.046401341768653,-0.014245680886039,0.200354355573459,0.10609718507435,0.00476945612215033,0.112239127376628,0.106956635000876,0.0387850000648386,-0.14932851774364,-0.0594338762157427,-0.206126186620509,-0.253326298668717,-0.134848471650965,-0.0543916327606416,-0.0387087716211492,-0.0271314900900877,-0.0542086083167084,NA,NA,NA,"DIHU",NA,"DIHU:MIXED","DIHU","DIHU:MIXED",0.0343080408246314,-0.121452368332986,0.0130351516995691,"D. humeralis","D. humeralis","Not Significant","MIXE"
"28",-0.454634087014251,-0.0169292146539947,-0.0512806590144699,-0.0436353401319424,-0.0220699954524965,-0.0305033096153283,-0.0292497451700341,0.0630769434999657,0.241141017705088,-0.12336503978749,-0.0332404778246568,0.0117019382622297,0.0641064211428226,-0.0461708398200417,-0.219205851467725,-0.218145389383215,-0.128207463281615,-0.212535633441667,-0.209943229866733,-0.13144659215455,-0.231618839196409,-0.149969639551403,0.00778099006797476,0.176107936615317,-0.00132990886184992,-0.180575434015427,-0.0559969403626288,-0.0674451445820929,-0.170568215125892,-0.00079203796619662,0.18740096966218,0.630535624405991,0.00537237402008829,-0.0217047442065325,NA,NA,NA,"DIHU",NA,"DIHU:NATIVE","DIHU","DIHU:NATIVE",0.0370475808775171,-0.0943180027264659,0.050908514313401,"D. humeralis","D. humeralis","Not Significant","NATI"
"29",1.04715886728835,-0.413730537398527,0.893089983957185,-0.00166183948382104,0.399953766701788,0.2551757128823,0.295108356838667,0.227147986638193,0.0118111657783792,-0.274486286871476,-0.368967844079692,-0.196440616444007,-0.402443540928609,-0.274678607304068,0.26652637206527,0.481149259717026,0.462064868362585,0.0746492140267045,0.314759055500693,0.0619787597069854,-0.065426574578252,0.373029480057403,0.00488094377943442,-0.0303270209770909,-0.106757013076238,0.146676720041452,0.0984943916409033,0.0479140955353623,-0.235991953874256,-0.0236338474550348,0.188325390365407,-0.27804890940677,0.0199138307976709,-0.00716328742894987,NA,NA,NA,"DIHU",NA,"DIHU:SHRUB","DIHU","DIHU:SHRUB",0.0287766767103303,-0.0635655737811973,0.0492389989232976,"D. humeralis","D. humeralis","Not Significant","SHRU"
"30",-0.230480700623731,-0.158144311818555,-0.042114027416746,0.0166727317805126,0.0981219148885027,0.0254205758933342,-0.0127278251350032,-0.0681765325839264,-0.0183752632348496,0.00644941497238617,0.0400404656016427,0.0180222668430444,0.0205008486004486,0.0508452250955892,0.00114344595436903,-0.0470041033654844,-0.159042017505908,-0.0631043770892157,-0.0529414113356163,-0.114739100975183,-0.0327584452147245,0.00469526787756946,0.0485310275604701,0.0254618674213948,0.0370017707914524,0.0165849342095869,0.0187111826204614,0.0462706208647882,0.0152752575307695,0.00504280012393126,0.00166477278950596,0.000549589191038349,-0.00191285117662582,-0.0289899694032466,NA,NA,NA,"DUTA",NA,"DUTA:SHRUB","DUTA","DUTA:SHRUB",0.04100119997617,-0.10935232135654,0.0513723825500466,"D. taeniata","D. taeniata","Not Significant","SHRU"
"31",0.290965664873393,0.104984291890828,0.0694295427882731,0.248994692084634,0.363532888760777,-0.297501446818423,0.208974917968833,0.231879267970809,-0.191296791596046,0.358670385696669,0.0605773053929918,0.0455472126400303,0.350269753835552,0.379561954978529,0.138745699533393,-0.0118304169588271,0.0139621849766278,0.0755701088506842,-0.201075368372055,0.181780741737864,-0.284137847615351,-0.1226937696234,-0.214530849028781,-0.0127972137542723,0.29390664975096,0.0280320152550389,-0.255529897256123,-0.253993467663132,-0.240176238556327,-0.296617292014638,-0.275231735957048,-0.0717857304502894,-0.0426631645058379,-0.0697402827324587,NA,NA,NA,"ERLU",NA,"ERLU:MIXED","ERLU","ERLU:MIXED",0.0344053377605028,-0.137174744743044,-0.00230582072187328,"E. luciani","E. luciani","Significant","MIXE"
"32",-0.786884053764181,-0.0315593013008718,0.276973115090372,0.210739683864348,0.28848394345111,0.216145983876156,-0.066532661950796,-0.13773882154968,-0.137925840217086,-0.170215168987632,-0.16658804763818,-0.222751689245853,-0.0365915123562771,-0.117023172355324,-0.197185502245737,0.0596162408540094,0.0734681074856071,-0.0131553852547499,-0.101928991691779,-0.173821059781383,-0.273397318701113,-0.205380977696207,-0.135070061222792,-0.0955923887627335,0.0815799358666385,0.0215199865271325,0.147121400267043,0.13308619720649,-0.00336281004332356,-0.0956812325925655,-0.160492610852582,-0.0973976416929109,-0.045680809150926,-0.0727579273775468,NA,NA,NA,"ERLU",NA,"ERLU:NATIVE","ERLU","ERLU:NATIVE",0.0397029843015539,-0.150575776608592,0.00505992185349882,"E. luciani","E. luciani","Not Significant","NATI"
"33",1.20620800515687,0.104882903783417,0.0759894743371975,0.369077173611657,-0.167069771878962,-0.241766780892002,-0.204091261933712,-0.13008800672026,0.316318169181905,-0.0555384104018388,-0.0504920346819425,0.167485206421369,0.191300958502781,0.0274529550466568,0.218653059135048,0.325732698301562,-0.109679416995084,0.482438101298275,-0.157741515301098,0.129058966754831,0.775404112502481,-0.0264191661932957,-0.212308400078918,-0.0852394387989761,-0.0740322523862523,0.561432554703356,-0.330788584748715,-0.205003657004446,0.126328247731061,0.0299119441005989,-0.122568899399378,0.0336729906434856,0.0389309875137623,0.0118538692871415,NA,NA,NA,"ERLU",NA,"ERLU:SHRUB","ERLU","ERLU:SHRUB",0.0289822866149031,-0.0449514124780686,0.0686591510523517,"E. luciani","E. luciani","Not Significant","SHRU"
"34",-0.0648431169736107,-0.0379344299216612,-0.114908021752916,-0.0416906395764836,-0.0251412923465563,-0.0427652667007525,0.0313862595224909,0.148199583922221,0.466453310437997,0.140725126902344,0.00627768384378543,-0.119636812465657,-0.042759506819599,-0.0240030947689268,-0.0378729083412618,-0.0131617907177762,-0.00634084757782736,-0.00813870654264323,-0.00926974487678851,-0.023000691294842,-0.0679953456178494,-0.0229384191518298,-0.0090605571309308,-0.00749826458428888,-0.0161279941274281,-0.0466797124938249,-0.0306020388125363,-0.0561202106850612,-0.157919823490437,-0.0244292262623829,0.0758559257718373,0.0250422142548239,-0.00887101592700366,-0.0359481341536244,NA,NA,NA,"ERVE",NA,"ERVE:SHRUB","ERVE","ERVE:SHRUB",0.0404434544572189,-0.115217304889773,0.0433210365825245,"E. vestitus","E. vestitus","Not Significant","SHRU"
"35",-0.162459937130364,-0.0591120028553849,-0.0508233824898794,-0.118094055195484,-0.0968389869466265,-0.207960235818261,-0.226455737238766,-0.271975435543063,-0.156141736478447,0.253151794279449,-0.0216637610434395,0.00536292373217807,0.0206473438461921,0.0243264850312515,0.0182828150273564,-0.0548155401544509,0.0608798250935372,0.351571754073036,0.269463198995308,0.093039129531928,0.0609404348385094,-0.150710875483931,-0.163262861095725,-0.0170720373436671,-0.131452331468908,0.0676768639833477,0.0898245071794791,0.130008364176715,0.179805608792747,-0.0705371239890918,-0.111774815527392,0.0444025331780682,0.0144782751827641,-0.0125988430438567,NA,NA,NA,"GRRU",NA,"GRRU:MIXED","GRRU","GRRU:MIXED",0.0365139122136323,-0.0841661109825759,0.0589684248948626,"G. rufula","G. rufula","Not Significant","MIXE"
"36",0.355892295161529,0.728603462294001,0.624545320349601,0.144650157871663,-0.153220212060072,0.0171475584948382,-0.189381901225632,-0.271209961007795,-0.260287119885862,-0.149479198209961,0.15169101726934,0.0689107662886998,0.0985390729521737,0.253548357544315,0.170236516757695,-0.080247901322485,-0.176512394947415,0.024984405218212,0.16383977580563,0.293854291934654,-0.0679229033517268,-0.0117170111873397,0.00584037212824195,-0.126244015677482,-0.0409428565398216,-0.196571498757389,-0.187013253746648,-0.224972987177583,-0.226152114538609,-0.169032369704088,-0.11883580917173,0.0565353779495692,-0.0379933960416618,-0.0650705142682826,NA,NA,NA,"GRRU",NA,"GRRU:NATIVE","GRRU","GRRU:NATIVE",0.04065943442635,-0.144763005743929,0.0146219772073634,"G. rufula","G. rufula","Not Significant","NATI"
"37",-0.445223717348711,-0.0197665479820214,-0.0598752882325828,-0.156907313143882,-0.0892636234635837,-0.142951584851055,0.000153943283773701,0.0090596179770447,0.0302795855989074,-0.0870192383294934,-0.0499674406373993,-0.080833926305601,0.025427410116269,0.00981087582126247,0.00752978227609586,-0.0878567769113884,-0.0716737405317189,-0.152913292878398,-0.129547905632013,-0.0491482245841582,-0.0355533068257773,0.0566743136277862,0.012983521345945,-0.0130594092375661,-0.0568533521963478,-0.177925259269307,-0.153299824579467,0.0486199407264801,0.316626399068897,0.458066032098083,0.0614758119297022,-0.0591103263751515,0.00287344797103958,-0.0242036702555812,NA,NA,NA,"GRRU",NA,"GRRU:SHRUB","GRRU","GRRU:SHRUB",0.0386001173804106,-0.0998599003211859,0.0514525598100236,"G. rufula","G. rufula","Not Significant","SHRU"
"38",-0.02812305973405,-0.180591829537758,-0.0507414636395698,-0.106530940285069,-0.0192382312941553,0.0123410656109405,-0.0899193480415014,0.06403433384988,-0.0874117187155957,0.0952648914337221,-0.0713316974296135,-0.0428325173020627,-0.183736516758274,-0.0760484590488299,-0.181731937463407,-0.216339337238607,-0.258037014190891,-0.206231486986691,-0.0480014706000329,0.0908379010096162,-0.155842280923311,-0.0112642199472297,0.217083563666228,0.257292400110155,0.124404966755398,0.30919987236862,0.32346140759751,-0.0408994752363347,-0.123790442690379,0.0147628700457468,0.133382321317955,0.371627176581939,0.043037243679945,0.0159601254533243,NA,NA,NA,"HEGU",NA,"HEGU:MIXED","HEGU","HEGU:MIXED",0.0373909502712668,-0.0573261370783586,0.0892463879850072,"H. gularis","H. gularis","Not Significant","MIXE"
"39",-0.211684611234142,-0.00967530795801803,-0.02930768960024,-0.0887765716017546,-0.0378275204123693,-0.0382955563783689,-0.0908168577581564,-0.021844305437599,0.0174363573726271,0.0804174027859816,0.0174569800806853,-0.0217750285891803,-0.0906047621581585,-0.0176710399440625,0.0312433071953447,0.122625144447062,0.0530047080531041,0.055430963165815,0.133201798973582,0.0489736290909218,0.0313129034349265,0.0562142666351518,-0.0119279339670005,-0.0962831882845211,-0.0379184757534909,-0.0310944814974832,-0.0665356859058004,-0.0289338058033844,-0.0306602242125232,-0.0740615767266068,-0.041624570375833,-0.0657657943581217,-0.0110863381545036,-0.0381634563811243,NA,NA,NA,"HEGU",NA,"HEGU:NATIVE","HEGU","HEGU:NATIVE",0.0420053559763661,-0.120493954094802,0.0441670413325531,"H. gularis","H. gularis","Not Significant","NATI"
"40",-0.270158849082819,-0.0671255872890485,-0.203331602987472,-0.221815493783881,-0.122768044392466,-0.190593156818755,-0.204987814604231,-0.107364996505499,-0.155678135154164,-0.165741420973193,-0.0892091513641609,-0.133934491578508,-0.15536738510955,0.00749146392110489,0.180533091234709,-0.00690427013080387,0.120572749126881,0.411938373369471,0.175083604562372,0.0641324130552929,0.0403532549144521,0.199913287734387,0.0664693361010209,0.0233738823393053,0.0120493967060421,0.0171030631126305,-0.0231261270609455,-0.00304693230224122,0.0128907173053919,-0.110600245668864,-0.0301688904503946,0.189530034651403,0.0254359787781631,-0.00164113944845765,NA,NA,NA,"HEGU",NA,"HEGU:SHRUB","HEGU","HEGU:SHRUB",0.0386766380430159,-0.0774473500127688,0.0741650711158535,"H. gularis","H. gularis","Not Significant","SHRU"
"41",-0.405049708126808,-0.0425032527523115,-0.128747544168141,-0.117709562403889,-0.0727241585757591,-0.126589125034367,-0.127930551399184,-0.0661475798582828,-0.0942757587606167,0.0410686323143139,0.0444123109994951,0.108123458673904,0.0901085857452075,0.0525854335024486,0.0865390735004778,-0.0467278049551929,-0.0508854438745635,-0.124209162783236,-0.129375617300072,-0.0228334353613086,0.052672381432957,0.0695079805451599,0.00281938133593848,-0.0600369715538332,-0.0110056085060392,0.0230663724415199,-0.072460607611363,-0.0210662085155159,0.00169392992914648,0.234160281871321,-0.00166351138083267,-0.0560286911301182,-0.00307175484046254,-0.0301488730670833,NA,NA,NA,"HESU",NA,"HESU:MIXED","HESU","HESU:MIXED",0.0396235558584807,-0.107811042549705,0.0475132964155389,"H. superciliaris","H. superciliaris","Not Significant","MIXE"
"42",-0.037799156732471,0.0411015775743922,0.0325926448996542,0.0683852906831768,0.197130697125404,0.0705100583681056,0.0397302724323068,0.062953890845769,0.0125389015848753,-0.0208325757409483,-0.0825207481836221,-0.0351826871607532,-0.0356667215960249,-0.0846307756799012,-0.0404272401681345,-0.0511744629539415,-0.131480615142174,-0.0374740369244037,0.00559592684966358,0.0562721586372755,0.00962152411263985,-0.0239510461224456,-0.0900790948164821,-0.0534393867552308,-0.0894372075716466,-0.0221030620457595,0.0151874788447024,0.0731216124136122,0.0241395390813317,0.00796915341203094,0.00263084584550323,0.000868517583354904,-0.00966747105229468,-0.0367445892789154,NA,NA,NA,"HESU",NA,"HESU:NATIVE","HESU","HESU:NATIVE",0.0420545313250609,-0.119171470676035,0.045682292118204,"H. superciliaris","H. superciliaris","Not Significant","NATI"
"43",0.175186824911369,-0.219360265383732,-0.17626176348598,-0.172969685886861,0.125723959554894,0.203784860875518,0.391422428242834,0.159193280829041,0.0319750399536838,-0.150763621985682,0.307688503513675,-0.10493039111949,0.0619280916972443,-0.130513420180568,-0.275039157575159,-0.278150123757129,-0.186998690767058,-0.00197854568623629,-0.0620229406427733,0.229565558018335,-0.154161365313432,0.265474633103424,0.2942623714131,0.216087614335321,0.198834213487484,0.0941973369258708,-0.197694518545458,-0.0428358530184391,0.0741332541520379,-0.0404336477951325,-0.0387423107066908,-0.0317769799668097,0.0136401258218445,-0.0134369924047763,NA,NA,NA,"HEVI",NA,"HEVI:MIXED","HEVI","HEVI:MIXED",0.0338339866270845,-0.0797516061938619,0.0528776213843094,"H. viola","H. viola","Not Significant","MIXE"
"44",0.297895091133576,-0.0852288107761673,0.0927484160345676,0.257563226160051,0.629972756527471,0.0717409108203096,-0.115093754665139,-0.302584035972281,-0.290506769308712,-0.141408549056969,-0.0211931049349455,0.107641196280031,0.045200017454451,-0.108877017128881,0.0896026048895082,0.1613361750228,0.0360606987654492,-0.0534502799734594,-0.186730715567273,-0.148442920540273,-0.097955695363749,0.0127739729347894,0.181613375112454,0.307220844702804,0.0598278128370497,0.0579212798973861,-0.0296627659600611,-0.124932835444988,-0.198563888849347,0.0921682762345961,0.153478850268989,0.0280425117352667,0.00969258503876674,-0.017384533187854,NA,NA,NA,"HEVI",NA,"HEVI:NATIVE","HEVI","HEVI:NATIVE",0.0339736000062026,-0.083972789200011,0.049203722824303,"H. viola","H. viola","Not Significant","NATI"
"45",-0.421026236960269,-0.209046445780388,-0.0987451351305087,-0.0326914525713258,-0.0110736528765756,-0.160290051530386,-0.0765107487897519,-0.0967287420907599,0.00615643243130885,-0.00765390111667476,-0.0318678058346597,-0.104670762902026,-0.0316168813792358,-0.00153827097482597,-0.0114694685152088,-0.0621359843635313,-0.197260886293661,-0.0371026292098879,-0.0312864757339038,-0.0679964892405416,0.24240511287402,0.026629780719967,-0.152949000846551,-0.0788266690316384,-0.111849549685982,0.259232951274113,0.140803713216673,0.213762034146475,0.221925299759284,0.0495024416631704,-0.0556341832975749,-0.0183664377417336,0.0120253740892137,-0.0150517441374071,NA,NA,NA,"HEVI",NA,"HEVI:SHRUB","HEVI","HEVI:SHRUB",0.0384085057036733,-0.0903324153166068,0.0602289270417927,"H. viola","H. viola","Not Significant","SHRU"
"46",-0.312947789165692,-0.20315214785142,0.150433587937587,0.0300398190399869,0.0814376936391344,-0.000714908567271589,0.181338150360454,-0.0525725989326837,-0.0684831588194642,0.127294284963683,-0.0431153508956438,0.114478211543626,0.1998237923638,0.16019876840853,-0.0825082656110183,-0.234929587530078,-0.276412540054176,-0.2037080649375,-0.199149348939937,0.242132552060803,0.0947696730156252,-0.0647959585722237,-0.0472656211411081,0.341268505445824,0.33113315861445,-0.0560829059826037,-0.214415739327074,-0.138243809886933,0.0116816251106927,-0.170249916065507,-0.140205050571423,-0.16401817483353,-0.0249844266011901,-0.0520615448278108,NA,NA,NA,"LALA",NA,"LALA:MIXED","LALA","LALA:MIXED",0.0371971398612971,-0.124967938955953,0.0208448493003314,"L. lafresnayi","L. lafresnayi","Not Significant","MIXE"
"47",0.382183783016296,0.395146894886681,-0.0908225206391745,-0.169844318662818,0.121384595613485,0.00804432290842679,-0.0999383506251151,-0.0801686075109174,-0.201848354402841,-0.190880773154495,-0.236623788224931,0.017918426126475,0.23262560487431,0.220855255405973,-0.131596409035788,-0.20042906848524,0.329893017271713,0.0591659330616504,0.316384664960517,0.254385439347347,-0.0414936694199165,0.157357314440667,-0.110552433475808,-0.256254052455804,-0.310787078702331,-0.114280821914824,-0.0533386653501847,-0.0302316285573507,0.0123976690194863,0.115923531308245,0.236468779820345,0.151672642857575,0.0163875250177915,-0.0106895932088292,NA,NA,NA,"LALA",NA,"LALA:NATIVE","LALA","LALA:NATIVE",0.0330422718851074,-0.0754524461036397,0.0540732596859812,"L. lafresnayi","L. lafresnayi","Not Significant","NATI"
"48",0.0845182765030944,-0.2974958873166,0.067477602797698,0.72913753415834,0.091867789861016,0.380343277259145,0.32163907914925,0.346278491929869,-0.0615229102577072,-0.218845612973537,0.277072708332709,0.192170665302939,0.157837700340881,-0.177420641877658,-0.123080466038192,0.11380640455412,-0.0815822017594219,-0.014274797739009,0.350179126909168,0.334517192310731,0.0619223555620383,-0.00978478407954587,-0.210454555927831,-0.150154052260949,-0.293950563351367,-0.292112219189815,-0.429529546515446,-0.318683216778091,-0.18408521063956,-0.0840703906150117,0.0458746782412296,-0.166259194078107,-0.053076739837395,-0.0801538580640158,NA,NA,NA,"LALA",NA,"LALA:SHRUB","LALA","LALA:SHRUB",0.0397519106574264,-0.158067602952572,-0.00224011317545993,"L. lafresnayi","L. lafresnayi","Significant","SHRU"
"49",0.1272266838643,0.236855595930662,0.717464530921009,1.34116216101373,0.393194120970207,-0.0203244979502901,-0.190634266066016,-0.13573647761248,-0.265338604127826,-0.314659326395269,-0.165138175272884,-0.240081220009096,-0.310334981784347,-0.083609019306096,0.0294713172951791,0.291070824738296,0.199959204708675,0.380642292445981,0.212091455917631,0.0342424794643893,-0.0970623795885152,-0.208900165265142,-0.076396742677953,-0.0477356532344234,-0.0839592883516662,-0.234304652824188,-0.30049053672712,-0.149592216442016,-0.202027235131234,-0.221664558041886,-0.159949870464437,-0.168711978756411,-0.0686143495311067,-0.0956914677577275,NA,NA,NA,"LEVI",NA,"LEVI:SHRUB","LEVI","LEVI:SHRUB",0.0458637639005303,-0.185584445002767,-0.00579849051268803,"L. victoriae","L. victoriae","Significant","SHRU"
"50",0.000992153134892658,-0.195278156399113,-0.118304978339885,-0.190951724959381,-0.236934697255455,-0.116086607331899,-0.196545970802227,-0.233407517089026,-0.189918795586779,0.0281230853780368,0.160195769434904,0.395843826400703,0.29259712225947,0.10470051547924,0.440716602530017,0.114086399238897,0.250986439733848,-0.0575148820165557,-0.025673209136078,0.223450402554036,-0.141685166934593,-0.175356712930811,0.016627372253965,0.111548820533596,-0.142915927314419,-0.232592838724321,-0.124208729675109,0.0793572448215033,0.424470571341447,0.136122202333315,-0.114927165703806,-0.126458182811022,0.0165195052359353,-0.0105576129906855,NA,NA,NA,"MASQ",NA,"MASQ:NATIVE","MASQ","MASQ:NATIVE",0.0363734365570797,-0.0818495486425616,0.0607343226611907,"M. squamiger","M. squamiger","Not Significant","NATI"
"51",-0.188942165599509,-0.288315420170961,-0.367150595203381,-0.350918571143686,-0.373032454849005,-0.235147580732822,0.123396786688383,0.245885495975631,0.0323886525668429,0.417815571443146,-0.0619622741155427,-0.0519408132205345,-0.225775234754737,-0.243445478315261,-0.142625331851602,-0.137545321483935,0.0445031183786835,0.0852300674707214,-0.113950634971427,-0.0598137432253604,-0.0699411212346648,0.0522125238765513,0.282463645748154,0.214241402792948,0.437226956690714,0.398552812038951,0.164324653756911,0.122874689907184,0.0621792444806998,-0.157166402550288,-0.117538475187188,0.112749690207042,0.0432104569359833,0.0161333387093626,NA,NA,NA,"MASQ",NA,"MASQ:SHRUB","MASQ","MASQ:SHRUB",0.0372190570714918,-0.0568160131507614,0.0890826905694865,"M. squamiger","M. squamiger","Not Significant","SHRU"
"52",0.431222492689494,-0.314580150815009,-0.385368631149994,-0.271412898680965,-0.020240042573448,0.752683731740681,0.641921512506645,0.231259746924874,0.0378984594090613,-0.285137122371549,-0.424785872316259,-0.697833233209839,-0.462551486167497,-0.221700167271903,0.222546521418068,0.0807447487454595,-0.116839896454744,-0.209203275969597,0.364555488408065,0.301387950699311,0.961317349052274,0.560035874085204,0.110643475455415,0.0942553000123875,0.205983715949459,0.591261334471762,0.260427173472777,-0.0165705766864989,-0.0571445936564616,-0.390284541215164,-0.140458659752832,-0.397458739905208,0.0316489013269705,0.00457178310034975,NA,NA,NA,"MEBA",NA,"MEBA:SHRUB","MEBA","MEBA:SHRUB",0.0313691783755203,-0.05691180651567,0.0660553727163695,"M. baroni","M. baroni","Not Significant","SHRU"
"53",0.183307757467538,0.341106343452741,0.28230512323787,0.35259049123342,0.0461791103070078,-0.244067362021087,0.282121427370811,0.0953331168783725,-0.305448059799095,-0.504623791977893,-0.217031927101702,-0.441076994387773,-0.418137396642908,-0.101178024287999,0.110371018145926,0.311172628781186,0.468607337422675,0.0762615606819317,-0.332569814181387,-0.299731888608174,-0.441935173536505,-0.326371555429958,0.269535790596586,0.3835237527156,0.229725672164325,0.0955670309277928,0.0793113476087552,0.361736513573061,0.155028112936842,0.0198791284313918,-0.282151730829245,0.0429112500926895,0.00629761404022187,-0.0207795041863989,NA,NA,NA,"METY",NA,"METY:MIXED","METY","METY:MIXED",0.0295503084749594,-0.0786981087973193,0.0371391004245216,"M. tyrianthina","M. tyrianthina","Not Significant","MIXE"
"54",0.209294727227132,0.0986245092339615,0.425989683411637,0.239772645975193,-0.0304556859228541,-0.288056238008637,-0.43647602457145,-0.199861435049953,0.078273188275896,-0.0613928927170048,-0.346583177824272,-0.437382536850708,-0.0805803368768068,-0.268020458362777,-0.0617550394321918,-0.0279818123690558,0.0716064364694795,-0.0509062782397209,0.119284271368138,0.165090964178189,0.01917214369471,0.184993825062549,-0.0478457312769221,0.118278607046831,-0.0653368543222092,0.199167271184382,0.00268564783354875,-0.321474470176797,-0.0103612322553014,0.243219751648022,0.310975930787604,0.486571713633304,0.0446882687059659,0.0176111504793452,NA,NA,NA,"METY",NA,"METY:NATIVE","METY","METY:NATIVE",0.0311025699589439,-0.0433498866401849,0.0785721875988752,"M. tyrianthina","M. tyrianthina","Not Significant","NATI"
"55",0.837682794510499,0.0819697078713534,0.00385369292019947,0.0836977677227025,0.720082471661491,-0.110540003892708,-0.197719878054596,0.271086302104586,0.187396686131241,-0.469779099965054,-0.46418089448557,-0.0911656804935813,0.202404954596982,-0.276136805890069,0.312330196468915,0.077475809066051,-0.0877164579175564,0.281634321201975,0.050114455388098,0.0545709301033139,0.494898535624892,-0.117902573602622,-0.24657298825271,-0.0576237684133327,0.0530002984572234,0.080738924858425,-0.263551846171504,0.0527916654171244,0.319336305625956,-0.0249365873464559,0.0652195315274277,0.164877124336856,0.0331805243739732,0.00610340614735245,NA,NA,NA,"METY",NA,"METY:SHRUB","METY","METY:SHRUB",0.0283025512885408,-0.0493695943781876,0.0615764066728925,"M. tyrianthina","M. tyrianthina","Not Significant","SHRU"
"56",-0.0432526775479626,-0.114013273326255,-0.125544913402515,0.0717458456219469,-0.190372014410989,-0.141456334158907,-0.0793720420305572,0.409591253415574,0.0173716830107336,0.201152536409481,-0.0702307998317745,-0.0785040854899478,0.107056592572502,0.223845718924078,0.247439711857213,-0.0284071731262053,0.0768327280267813,-0.0827244427954736,-0.0687099815638026,-0.0262059914672008,-0.0276237259771461,0.0920131714427704,0.044626072903603,0.0204141441650439,-0.060280535971241,-0.207899480305197,-0.202829253767037,-0.0154759885592087,-0.0613640353431815,-0.0815629528445454,0.212982262065145,-0.0481961953029021,-0.00462934738052466,-0.0317064656071454,NA,NA,NA,"MYME",NA,"MYME:MIXED","MYME","MYME:MIXED",0.0352164023909171,-0.100730614293343,0.0373176830790522,"M. melanocephalus","M. melanocephalus","Not Significant","MIXE"
"57",-0.233757165061244,0.0314631440692383,0.0481288757632287,-0.156846866295453,-0.237450247283534,-0.244440431165328,-0.067342252833881,-0.111148682556436,0.0569175324132018,-0.0946461113155185,0.0316071651681234,-0.0352650858779144,-0.125468716520769,0.0429474835987624,0.0263544802191146,0.191995476931641,-0.0691345748458626,0.0424122616334317,0.228842578290324,0.0278900683300106,-0.225427749612202,-0.216511464651907,-0.00690806290972778,-0.0198266957562348,-0.0464029146126928,0.175434955425585,-0.0517498951187592,-0.0363887794583737,0.323879596591296,-0.0370891734844136,-0.0948946770794586,0.186761855986941,0.0123284866544015,-0.0147486315722193,NA,NA,NA,"MYME",NA,"MYME:NATIVE","MYME","MYME:NATIVE",0.03622993560027,-0.0857593053487485,0.05626204220431,"M. melanocephalus","M. melanocephalus","Not Significant","NATI"
"58",0.384337344134242,-0.058211051133281,-0.0859256045362585,-0.262638017845045,-0.140868137981,0.194394848970039,0.266302127839184,0.388300928740073,0.204031352691602,-0.199212659575679,-0.0166279272921447,0.0549392378333059,0.245664225295447,0.293390340084271,-0.182420579507643,-0.0499156736532306,-0.197041241586196,-0.125964721048907,-0.0232999928443162,-0.0921398869799807,0.483768505465065,0.43795656389718,-0.00583806522122346,-0.0337842992287553,-0.107651868787546,0.132942943137607,0.0072328407537948,-0.0727240314588928,-0.376650885985132,-0.183828591616741,0.0482248961535893,0.0466028731981256,0.00665083389934151,-0.0204262843272792,NA,NA,NA,"MYME",NA,"MYME:SHRUB","MYME","MYME:SHRUB",0.0325139133205138,-0.0841535544354864,0.0433009857809279,"M. melanocephalus","M. melanocephalus","Not Significant","SHRU"
"59",-0.215133643158284,0.0272827345979193,0.0826427355605685,0.25033494045186,0.0706843580139064,-0.0128884546706003,-0.113979909599492,-0.0515756831992881,-0.0592757451385641,-0.147546410722094,-0.062778483658496,-0.063342260353527,-0.150004054727544,-0.0411272974831531,0.0118471480023827,0.0809248388167363,0.0131075512337628,-0.036893286927385,-0.137041354637676,-0.0559313859955101,-0.0508461981769965,-0.114873745602206,0.0401168561833289,0.249636326588647,0.0718543382375109,-0.00825958381228447,-0.0996003517169979,-0.0251656483081514,0.0150626276564348,0.0757647922226848,0.00249918360875121,-0.0673694077006474,-0.0101406619354309,-0.0372177801620517,NA,NA,NA,"OCCI",NA,"OCCI:MIXED","OCCI","OCCI:MIXED",0.0409998517085521,-0.117577489510814,0.0431419291867104,"O. cinnamomeiventris","O. cinnamomeiventris","Not Significant","MIXE"
"60",-0.45177412136138,-0.0795978353202437,-0.18859299134138,-0.119890075831784,-0.214147841088692,-0.18054179642237,-0.0317473983675802,0.0738943232487925,-0.125266126406251,-0.0150060526238139,0.0748570322149695,0.0496216060091267,0.0450805367331964,0.101815222805596,0.212510746684887,0.0249961469441835,-0.128542420215816,-0.0275028557642699,-0.0499874744468374,-0.140417607461086,-0.0657955175172324,-0.00469314694205298,0.0500300599258045,0.0218052117847249,0.0232191150752672,-0.0189193767440285,-0.0112847842667037,-0.0189890437639612,0.191970391767594,0.0318041952790454,-0.0851321235240799,-0.0281045528818744,-0.00180338148492691,-0.0288804997115477,NA,NA,NA,"OCFR",NA,"OCFR:MIXED","OCFR","OCFR:MIXED",0.0388098002368909,-0.104947708175854,0.0471867087527586,"O. frontalis","O. frontalis","Not Significant","MIXE"
"61",0.376844053773809,0.219490015982564,-0.249231009693605,-0.254118826350263,-0.0771887730521263,-0.112523816534537,-0.0177462461031478,0.241001704732192,0.28306222793681,0.256982431083521,0.493499648947749,0.217845323002354,0.145276218676937,0.148473163108982,-0.0724826120079169,-0.100436541036153,-0.334251276093761,-0.317091504153577,-0.223315824220266,-0.0548458681509171,0.299311926360458,0.19993283878162,-0.0031154860605752,-0.125428259420945,-0.163366837092284,0.106449281373859,0.0162018845953592,-0.0506888332002255,0.018667050081007,-0.0446307744145767,-0.147341001902969,0.110766806374615,0.0023129483364394,-0.0247641698901813,NA,NA,NA,"OCFR",NA,"OCFR:NATIVE","OCFR","OCFR:NATIVE",0.034247305741987,-0.0918888891444758,0.0423605493641131,"O. frontalis","O. frontalis","Not Significant","NATI"
"62",0.108416934813154,-0.16361405883551,-0.129491458806056,-0.1507341789288,-0.376862451442739,-0.0825096762208962,0.0193403115241953,0.147478633064665,-0.0377694635754299,-0.00378061140202878,0.0250694417213772,-0.0125703266581042,0.0703865955869855,0.249016553770308,0.295131201207409,0.109518973984203,0.0727704991065717,-0.117426064378004,-0.12214894537513,-0.292902877359084,-0.208537269017594,-0.108728408113089,-0.156708722266141,-0.0711041122135598,-0.0821478231435879,0.384874164710659,0.228666104023518,0.383272626790147,0.0824252530436269,0.0693798478153269,0.15063905581728,0.0497302679063899,0.0368522546618301,0.00977513643520937,NA,NA,NA,"OCFR",NA,"OCFR:SHRUB","OCFR","OCFR:SHRUB",0.037205798399163,-0.0631482284271501,0.0826985012975689,"O. frontalis","O. frontalis","Not Significant","SHRU"
"63",-0.248430305617207,-0.155161716473108,0.0055581318582194,0.0352292293350907,0.0631045614403627,-0.0668587246608862,-0.15897741568136,-0.110827996303219,-0.00400518372185296,0.0986892652090155,0.152096665981547,-0.125469752687322,-0.201740709255138,-0.235505961414826,-0.267706391330288,-0.150987245851895,-0.00836599618655336,0.150341155102202,0.122858399274032,0.0525931976425401,-0.0724404363368763,-0.101201603947359,0.0238561913073956,0.0974895738229141,0.303635736963488,0.540823950125961,0.134171911784033,-0.0648332742647983,0.0768874421174579,-0.0995780594077197,-0.143145480598862,-0.128006434263599,0.00653042069089927,-0.0205466975357215,NA,NA,NA,"PTCY",NA,"PTCY:SHRUB","PTCY","PTCY:SHRUB",0.0361584817582834,-0.091417321781957,0.050323926710514,"P. cyanopterus","P. cyanopterus","Not Significant","SHRU"
"64",0.216830506957508,0.00452197355702162,-0.24919282127402,-0.100543456293769,-0.201143918798718,-0.0239849568536905,-0.151721966553407,0.021018433943544,-0.00523892355377894,-0.0558421403632581,-0.00917698828130144,-0.106838035242368,-0.0560072143759204,0.172691741090853,0.257789207096555,0.12118097549544,0.168356569197697,0.232716535912912,0.243928457572302,0.0356473261023225,-0.0107721281752297,-0.262097815943564,-0.217700106426754,-0.0142072748794433,0.17803209632452,-0.120737394442992,0.160343737533351,-0.0818238161286713,-0.0525998757084702,0.182025136804727,0.343271485607956,-0.0502749427874655,0.0293778911437057,0.00230077291708498,NA,NA,NA,"SCLA",NA,"SCLA:MIXED","SCLA","SCLA:MIXED",0.0347337063567331,-0.0657772915421119,0.0703788373762819,"S. latrans","S. latrans","Not Significant","MIXE"
"65",-0.0558998267931085,-0.0181105087207422,-0.1882505531375,-0.103737526605371,-0.160229815478697,-0.0611544357129579,-0.0529991094533286,-0.116882864799178,-0.0218834693963071,0.035559112556389,0.141335446485123,0.200858515379457,0.0765794907107072,0.0563911995942382,-0.156385658785312,-0.0919620489080449,-0.152537927026468,-0.0311991533881017,-0.0366455431452223,-0.0919024165188738,0.0856954928659391,0.00549396846318299,-0.0672398749438068,0.0451077636763783,0.218768165889031,0.00741033162570868,-0.0340733319177783,-0.121871198924569,-0.0339643925737208,0.0899812755495966,0.336234063908409,0.111000497093539,0.0220969167729993,-0.00498020145362142,0.33309017390575,-0.657836942308891,0.647876539401648,"SCLA",NA,"SCLA:NATIVE","SCLA","SCLA:NATIVE",0.0382527612010627,-0.0799556134077044,0.0699952105004615,"S. latrans","S. latrans","Not Significant","NATI"
"66",-0.41057338762457,0.133239505470767,-0.201655607943847,-0.220452609843802,-0.122401946730399,-0.225156899361261,-0.184008634681375,0.00178782558932566,-0.166873335562775,-0.195222351306768,-0.190189139713184,-0.16319040766506,-0.062587720757666,-0.151049884429419,-0.17668474229366,0.0283065282032107,0.070384251213195,0.147428021877127,-0.0669286298833637,-0.0509764321688265,0.18406467220491,0.35628481264341,-0.0134388303419657,-0.0555530101481534,-0.173177663107045,-0.181758333420819,0.115314247395437,0.200046555708685,0.489383441209683,0.196393508212052,0.10456502359293,-0.0768077804451054,0.0223685829366272,-0.00470853528999353,0.352805508357331,-0.696207331670362,0.686790261090375,"SCLA",NA,"SCLA:SHRUB","SCLA","SCLA:SHRUB",0.0370827738609854,-0.077390772057525,0.067973701477538,"S. latrans","S. latrans","Not Significant","SHRU"
"67",-0.0272372385138486,-0.188558146347869,-0.234697829086683,0.0475280090170271,-0.0574274199420856,0.0244642444032195,0.285909868069164,0.280585891824029,0.347557910706411,0.447637060376051,0.352736862578468,0.321220042645549,0.0656773800191069,-0.208822095654206,-0.268228620923373,-0.270746237573157,-0.261922540271242,-0.047985210186665,0.182872008931647,0.0194180806766454,-0.0375641101098613,0.183529870075122,-0.00153467677530725,-0.202718263385316,-0.289714191965047,-0.303046879599459,-0.125257196005221,-0.11818484444611,0.0324074294248624,0.1701408907386,0.0536816282138542,-0.0987185416324207,-0.0226868933872485,-0.0497640116138693,0.351167631790927,-0.738052569924086,0.638524546696348,"SYAZ",NA,"SYAZ:MIXED","SYAZ","SYAZ:MIXED",0.0364024835570407,-0.121112879385669,0.0215848561579305,"S. azarae","S. azarae","Not Significant","MIXE"
"68",-0.0969568557864971,0.259548418246271,0.0387507471836731,0.01304392758556,0.00506707691493602,0.142832253742146,0.0492899109128601,0.0227449186278346,0.0206365543479512,0.0266577072976756,0.0689133700578587,0.0424338080333939,-0.00107475695516993,-0.0460441861884004,0.148174863107629,0.0362222804306138,-0.0264951388107709,-0.123190554792444,-0.0668007311047741,-0.101209854210732,0.130524629246247,0.0122484423019465,-0.0893790397182282,-0.0217770527584736,0.0162244579484493,-0.140298964612313,-0.0931298294383601,-0.172547488873141,-0.175708864266144,-0.0852928822296025,-0.110811318085792,-0.0365819906767797,-0.0356518495493165,-0.0627289677759372,0.36569489693654,-0.779490965771555,0.654033030219681,"SYAZ",NA,"SYAZ:NATIVE","SYAZ","SYAZ:NATIVE",0.0418018442004971,-0.144660582408912,0.0192026468570371,"S. azarae","S. azarae","Not Significant","NATI"
"69",0.298826410006642,0.157638924936302,-0.0227132308893543,-0.199703975555608,-0.256288165015755,-0.224245179571784,0.00423323732294699,0.265828501853806,0.0736341632132264,-0.015905856397539,0.0194378235111889,0.200370061880064,0.0243452632990827,-0.146178411579584,-0.13151635587006,-0.247212801655545,0.136831421924532,0.279537390759303,0.13619942527605,-0.105878433918198,-0.106320326439318,0.111668545440094,0.354148636806338,0.0917044039261441,-0.0460905451045771,-0.00973866123869476,-0.13224175327249,0.270980922298415,0.0310826304363064,-0.014806007383352,0.0812919226578305,-0.136834215347836,0.0167898637514107,-0.01028725447521,0.327696061113133,-0.652571534256951,0.631997025306531,"SYAZ",NA,"SYAZ:SHRUB","SYAZ","SYAZ:SHRUB",0.0325957144603905,-0.0741748548175755,0.0536003458671555,"S. azarae","S. azarae","Not Significant","SHRU"
"70",-0.214054293915143,-0.00997206864095266,-0.0302066139568333,-0.00896944729474419,7.59910102652334e-05,0.00922472015631418,0.0158935508997737,0.0441657033231546,0.132470123055892,0.0596831574424572,0.0680205709708258,0.1688149995993,0.0583233106784277,0.0271076281056403,0.0327380105587726,-0.00521391560781676,-0.0502528607041553,-0.16359804661315,-0.0741981997915753,-0.0856523149497181,-0.213529407210797,-0.0692057547314455,-0.018950079319852,0.00554768572995962,0.037586147013055,0.120713608466868,0.0273310001032876,-0.0289019246692144,-0.124419813496337,-0.0715416541168317,-0.115906544899364,-0.0382640710184813,-0.0210143900480471,-0.0480915082746678,0.30970094462394,-0.655105359737589,0.558922343188254,"TAVA",NA,"TAVA:MIXED","TAVA","TAVA:MIXED",0.041152360272713,-0.128750134409185,0.0325671178598496,"T. vassorii","T. vassorii","Not Significant","MIXE"
"71",0.40077015802029,0.054439539885015,0.164904015856952,0.0995241436183077,0.169422542614546,0.4696086671803,0.174409845061701,0.116277743323808,0.216196256522779,0.0493899089266706,-0.0502831657455073,-0.218303673381861,-0.0811270105274824,-0.0542223011470456,-0.10101929765298,-0.0530337808131275,-0.0771344726520885,-0.206080257687806,-0.0774747962015613,-0.0541770129669094,-0.104519377623821,-0.0340738407178005,-0.00994319886191884,0.000672142046046937,0.0122010925637796,0.0403143878364393,0.00645966168057671,-0.0186147642070213,-0.0689913231230474,0.0188842057037485,0.132428106127334,0.0437183116975745,-0.00471547168641821,-0.031792589913039,0.352350600382893,-0.72239976666351,0.658814586837432,"TAVA",NA,"TAVA:NATIVE","TAVA","TAVA:NATIVE",0.038772513152964,-0.107786715692848,0.0442015358667706,"T. vassorii","T. vassorii","Not Significant","NATI"
"72",-0.291962141705693,-0.167703876029088,-0.0760690124498119,-0.0878310144413776,-0.218977392549795,-0.0798521822563533,-0.0492661140971144,-0.0856450506414392,-0.040615720410279,-0.0507933403954798,-0.130011848642908,-0.0215112734120288,0.0577500863537013,0.215508296848994,0.0710297695925885,0.0230985130522085,0.00656392871815273,-0.00803273450821687,-0.0335478984928334,-0.104663070140706,0.00179148964493588,0.110681133152891,0.370014194779208,0.125202595589648,0.0505727238655828,0.00335043125689358,-0.0393177850056365,-0.135428731755213,-0.044708904180723,-0.0147596901125387,-0.00487259654894654,-0.00160858371332852,0.00754733719149415,-0.0195297810351266,0.365649873040769,-0.736203532195035,0.697143970124781,"TAVA",NA,"TAVA:SHRUB","TAVA","TAVA:SHRUB",0.0408316106171628,-0.0995597378447657,0.0605001757745125,"T. vassorii","T. vassorii","Not Significant","SHRU"
"73",-0.157653294050624,0.00660373136213935,0.0200035089120405,0.0605930718333239,0.00867660402864567,-0.0314461828609135,-0.114312218772289,-0.0328999090330617,0.00379317323060497,0.045642129219733,0.00289400185501486,-0.0359204511904506,-0.123559806037204,-0.0316378854529686,0.0172802142089883,0.0896864587549206,0.0215841816979269,-0.0171797792484217,-0.0792953687788509,-0.0404147018851993,-0.0564677506180864,-0.149274634213734,-0.0373235481937506,0.0238954753091568,0.017496026791219,0.034878066581008,0.0996681460640515,0.0406021811194069,0.0367247630992553,0.082765508481054,0.00298982542709622,-0.0727219350411739,-0.00379477344573935,-0.0308718916723601,0.365655523592346,-0.747556717913359,0.685812934568638,"THFL",NA,"THFL:NATIVE","THFL","THFL:NATIVE",0.0406228498687662,-0.110492677415142,0.0487488940704217,"T. flammulatus","T. flammulatus","Not Significant","NATI"
"74",0.0634110396636634,0.0219809440999639,0.0665829645523689,0.201687932439139,0.0502821367731366,-0.032777624560202,-0.160390398102274,-0.0721054187446194,-0.0818297870669494,-0.202781358432493,-0.0871818266851692,-0.0900842620816182,-0.215433802238984,-0.0834269712913868,-0.0648183173122271,-0.134314012605148,-0.044725703389008,-0.0159308420163729,-0.0087899903035057,0.0886526075384017,0.306596332566632,0.941281366072089,0.268097428302187,-0.0406748671798825,-0.0137384466238042,-0.00547602054939323,-0.00465687975467935,-0.0163103443796155,-0.05013365755288,-0.152101184560783,-0.0846478869203277,-0.132252296786349,0.0047482454045239,-0.0223288728220968,0.365701079012882,-0.739102987687346,0.694445242043152,"THOR",NA,"THOR:MIXED","THOR","THOR:MIXED",0.0396342093136778,-0.100011923076905,0.0553541774327116,"T. ornata","T. ornata","Not Significant","MIXE"
"75",-0.242763787744944,-0.00150677664531481,-0.004564210504657,-0.0138255511164157,0.0403343683849709,0.149318810138927,0.461264963132645,0.139035796459351,0.00579114651719249,-0.119581882923329,-0.0544818276246914,-0.0634362397832282,-0.158616411235191,-0.0630313032495323,-0.0531215442523556,-0.115417286458448,-0.0485215602456716,-0.0475788033227134,-0.111307572593498,-0.0314767904522741,0.00556913927427351,0.0501849259812476,0.0148098742226308,-0.000434844239905269,-0.0162706250807968,-0.0542222659815605,-0.165875564969982,-0.0638617508373536,-0.048652072236325,-0.0995727614520358,-0.00786109227075246,0.0731653809998406,-0.0218843610644672,-0.048961479291088,0.3460314839024,-0.727183187739792,0.629260229157616,"THOR",NA,"THOR:SHRUB","THOR","THOR:SHRUB",0.0419440534221719,-0.131171823998545,0.033248865416369,"T. ornata","T. ornata","Not Significant","SHRU"
"76",-0.322275551732378,-0.198776882800535,-0.200878979508436,-0.186951343620636,-0.211143342438364,-0.185923562546515,-0.163613486887137,-0.0813501503196694,-0.175708547812543,-0.180730714773885,-0.0806168583243243,0.139490311334,-0.118729761865803,-0.121628065713828,0.0251890253416732,-0.0224401148922081,0.169054377428835,0.0558992037624281,-0.12868044900725,-0.0815357940580565,0.210332462772832,0.381790596408851,0.184506546294037,0.129986199196993,0.0751403621153336,0.0740527160035402,0.224651334804189,0.135630562615227,-0.00350223435585965,0.171666284597549,-0.0635755155005747,-0.109016242149671,0.0306990344829405,0.00362191625631978,0.310233566087094,-0.604435873274384,0.611679705787023,"TRSO",NA,"TRSO:MIXED","TRSO","TRSO:MIXED",0.0384326282656038,-0.0717060351442637,0.0789498676569032,"T. solstitialis","T. solstitialis","Not Significant","MIXE"
"77",0.0983339183785073,0.334133107987205,0.108177293229798,0.0292615501872524,-0.148551687967854,-0.0827774521127616,-0.129518533766845,0.00334874072818393,0.0192693279079519,0.0613817643463583,0.0942278345723437,0.0328775724618016,0.0162161768246,-0.0633225545141714,0.0195316112694536,0.12893413517909,0.192230657482165,0.0251369176225445,-0.107789447000039,-0.163680519933105,-0.107664215236674,-0.197990580585569,-0.132348412186553,0.00530288758545399,0.0793158047032604,0.0409195068794511,0.0581430812714302,-0.0948379391273641,-0.0569352378408866,-0.0964218037959431,-0.00431324583254084,0.0819325293082836,-0.0100635943858883,-0.037140712612509,0.307818170361724,-0.640464326521488,0.566182901296469,"TRSO",NA,"TRSO:NATIVE","TRSO","TRSO:NATIVE",0.0396535174306044,-0.114861606776494,0.0405801815514755,"T. solstitialis","T. solstitialis","Not Significant","NATI"
"78",-0.18039407721368,-0.00696741698028194,-0.0312112306248892,-0.0805724470805851,-0.239451826204707,-0.163973959952693,0.0503999342763648,0.333279979187881,0.304285344276172,0.0569681036561465,-0.112915196836858,-0.0778643844687143,0.0783376226813359,0.341020105660693,-0.0239743544540097,-0.0478335557611797,-0.13671055571635,0.0102148020263771,-0.0328615432286191,-0.120604967209025,-0.0856359604211151,-0.061380368629194,-0.120556091632226,-0.0237675291526032,0.0407150004550388,0.0538348738077841,0.0241498982245894,0.0272906909780724,-0.0888687210807844,-0.0446155153861245,-0.061005984404562,-0.0201398231811268,-0.0124027274222949,-0.0394798456489156,0.349313644692638,-0.724134589246487,0.645174897948656,"TRSO",NA,"TRSO:SHRUB","TRSO","TRSO:SHRUB",0.0400607414509165,-0.117998898892712,0.0390392075948807,"T. solstitialis","T. solstitialis","Not Significant","SHRU"
"79",0.271490274165047,-0.349784923050985,-0.237040635894683,0.252704332986871,0.491556338509055,0.403474293574246,-0.00837033589395509,-0.0752549862611393,-0.0347943116007399,-0.237772966773195,0.0797891191980693,0.0356141146162989,0.237159617554383,0.29815344407344,-0.0405000871338466,0.100988771019398,-0.213913996900473,0.171998582608088,0.327875331832203,0.121235011169608,-0.070889965328699,-0.040403046608237,-0.0995685268766325,-0.0491041812735057,-0.0653847330548785,-0.217952415536703,-0.233571827667333,0.162997620460453,-0.113707904280152,-0.228505586295615,0.113341057180966,0.0696941184809495,0.000212503544932643,-0.0268646146816881,0.0323571641755476,-0.0902846564657614,0.0365554271023852,"ZOCA",NA,"ZOCA:SHRUB","ZOCA","ZOCA:SHRUB",0.0327263410990717,-0.0910082432358687,0.0372790138724925,"Z. capensis","Z. capensis","Not Significant","SHRU"
